customer_id,Recency,Frequency,Monetary,cluster,segment
CUST_0001,8,5,1014.65,3,High-Value Loyal
CUST_0002,24,3,534.38,0,At-Risk
CUST_0003,219,5,509.3,1,Low-Value / Dormant
CUST_0004,24,5,453.74,0,At-Risk
CUST_0005,186,2,100.51,1,Low-Value / Dormant
CUST_0006,3,11,974.87,2,Growth Potential
CUST_0007,42,5,850.5,2,Growth Potential
CUST_0008,4,4,575.7,0,At-Risk
CUST_0009,144,3,356.93,1,Low-Value / Dormant
CUST_0010,157,2,367.49,1,Low-Value / Dormant
CUST_0011,52,5,384.04,0,At-Risk
CUST_0012,170,2,104.61,1,Low-Value / Dormant
CUST_0013,194,3,276.1,1,Low-Value / Dormant
CUST_0014,92,5,1502.43,3,High-Value Loyal
CUST_0015,60,3,120.15,0,At-Risk
CUST_0016,7,6,605.6,2,Growth Potential
CUST_0017,4,7,2408.36,3,High-Value Loyal
CUST_0018,31,3,181.39000000000001,0,At-Risk
CUST_0019,43,1,52.56,0,At-Risk
CUST_0020,16,6,788.01,2,Growth Potential
CUST_0021,60,6,759.1500000000001,2,Growth Potential
CUST_0022,42,9,1101.83,3,High-Value Loyal
CUST_0023,47,4,342.0,0,At-Risk
CUST_0024,15,3,201.82999999999998,0,At-Risk
CUST_0025,40,6,402.36,2,Growth Potential
CUST_0026,130,3,452.54,1,Low-Value / Dormant
CUST_0027,146,4,225.20999999999998,1,Low-Value / Dormant
CUST_0028,19,4,202.28,0,At-Risk
CUST_0029,52,6,343.75,0,At-Risk
CUST_0030,56,6,399.53,0,At-Risk
CUST_0031,56,5,881.25,2,Growth Potential
CUST_0032,190,4,246.55,1,Low-Value / Dormant
CUST_0033,153,3,364.33000000000004,1,Low-Value / Dormant
CUST_0034,14,4,282.64,0,At-Risk
CUST_0035,10,4,186.07,0,At-Risk
CUST_0036,10,4,381.5,0,At-Risk
CUST_0037,9,8,587.02,2,Growth Potential
CUST_0038,12,5,521.1,0,At-Risk
CUST_0039,50,5,448.58,0,At-Risk
CUST_0040,29,7,396.48,2,Growth Potential
CUST_0041,7,6,1643.55,3,High-Value Loyal
CUST_0042,22,3,495.84000000000003,0,At-Risk
CUST_0043,48,5,712.77,2,Growth Potential
CUST_0044,11,12,883.85,2,Growth Potential
CUST_0045,31,5,207.49,0,At-Risk
CUST_0046,12,8,705.47,2,Growth Potential
CUST_0047,29,3,515.1600000000001,0,At-Risk
CUST_0048,23,7,900.73,2,Growth Potential
CUST_0049,161,3,361.31,1,Low-Value / Dormant
CUST_0050,67,6,681.98,2,Growth Potential
CUST_0051,174,4,657.14,1,Low-Value / Dormant
CUST_0052,55,2,582.0699999999999,0,At-Risk
CUST_0053,113,1,111.87,1,Low-Value / Dormant
CUST_0054,12,9,834.19,2,Growth Potential
CUST_0055,221,3,187.48,1,Low-Value / Dormant
CUST_0056,3,5,625.21,0,At-Risk
CUST_0057,67,3,181.36,0,At-Risk
CUST_0058,35,7,1046.25,3,High-Value Loyal
CUST_0059,32,4,199.84,0,At-Risk
CUST_0060,64,6,398.18,0,At-Risk
CUST_0061,32,3,458.04,0,At-Risk
CUST_0062,112,5,218.42000000000002,0,At-Risk
CUST_0063,10,2,329.48,0,At-Risk
CUST_0064,23,4,158.56,0,At-Risk
CUST_0065,72,5,496.72,0,At-Risk
CUST_0066,55,7,499.29999999999995,2,Growth Potential
CUST_0067,27,2,94.41,0,At-Risk
CUST_0068,8,4,258.32,0,At-Risk
CUST_0069,82,9,538.23,2,Growth Potential
CUST_0070,4,9,1189.4099999999999,3,High-Value Loyal
CUST_0071,24,5,589.1,0,At-Risk
CUST_0072,269,3,446.21000000000004,1,Low-Value / Dormant
CUST_0073,9,2,116.86,0,At-Risk
CUST_0074,160,4,324.01,1,Low-Value / Dormant
CUST_0075,13,5,309.94,0,At-Risk
CUST_0076,56,5,369.18,0,At-Risk
CUST_0077,61,5,215.64,0,At-Risk
CUST_0078,145,7,391.5,2,Growth Potential
CUST_0079,193,4,193.26999999999998,1,Low-Value / Dormant
CUST_0080,52,5,643.47,0,At-Risk
CUST_0081,13,6,390.38,2,Growth Potential
CUST_0082,103,5,512.24,0,At-Risk
CUST_0083,13,2,221.12,0,At-Risk
CUST_0084,209,3,262.36,1,Low-Value / Dormant
CUST_0085,141,5,547.13,0,At-Risk
CUST_0086,124,1,123.48,1,Low-Value / Dormant
CUST_0087,42,4,363.2,0,At-Risk
CUST_0088,233,1,89.45,1,Low-Value / Dormant
CUST_0089,26,4,391.19,0,At-Risk
CUST_0090,108,2,138.55,0,At-Risk
CUST_0091,117,8,958.58,3,High-Value Loyal
CUST_0092,9,3,204.44,0,At-Risk
CUST_0093,111,6,359.28,0,At-Risk
CUST_0094,174,2,123.69,1,Low-Value / Dormant
CUST_0095,137,6,526.54,2,Growth Potential
CUST_0096,50,6,505.11,2,Growth Potential
CUST_0097,25,4,155.28,0,At-Risk
CUST_0098,45,7,901.59,2,Growth Potential
CUST_0099,91,3,175.25,0,At-Risk
CUST_0100,2,5,383.17,0,At-Risk
CUST_0101,50,8,434.30999999999995,2,Growth Potential
CUST_0102,7,7,461.09999999999997,2,Growth Potential
CUST_0103,52,7,1029.5,3,High-Value Loyal
CUST_0104,19,4,454.21,0,At-Risk
CUST_0105,191,4,1397.19,3,High-Value Loyal
CUST_0106,339,1,45.31,1,Low-Value / Dormant
CUST_0107,44,5,683.52,2,Growth Potential
CUST_0108,14,3,296.62,0,At-Risk
CUST_0109,26,9,1182.0,3,High-Value Loyal
CUST_0110,16,8,885.1700000000001,2,Growth Potential
CUST_0111,5,6,355.18,2,Growth Potential
CUST_0112,19,7,395.58,2,Growth Potential
CUST_0113,42,2,193.7,0,At-Risk
CUST_0114,28,4,674.54,0,At-Risk
CUST_0115,74,6,279.63,0,At-Risk
CUST_0116,216,1,27.92,1,Low-Value / Dormant
CUST_0117,79,3,211.07,0,At-Risk
CUST_0118,99,9,561.21,2,Growth Potential
CUST_0119,131,3,221.38,1,Low-Value / Dormant
CUST_0120,161,6,531.26,1,Low-Value / Dormant
CUST_0121,81,2,993.55,0,At-Risk
CUST_0122,43,7,1391.81,3,High-Value Loyal
CUST_0123,25,7,251.19,2,Growth Potential
CUST_0124,52,7,531.62,2,Growth Potential
CUST_0125,70,7,752.11,2,Growth Potential
CUST_0126,120,3,379.69,0,At-Risk
CUST_0127,213,6,367.35999999999996,1,Low-Value / Dormant
CUST_0128,66,5,666.1700000000001,0,At-Risk
CUST_0129,12,3,270.25,0,At-Risk
CUST_0130,25,5,161.26,0,At-Risk
CUST_0131,57,3,158.57999999999998,0,At-Risk
CUST_0132,21,4,419.32,0,At-Risk
CUST_0133,46,8,530.21,2,Growth Potential
CUST_0134,92,3,167.25,0,At-Risk
CUST_0135,87,2,131.53,0,At-Risk
CUST_0136,75,5,229.5,0,At-Risk
CUST_0137,46,4,537.98,0,At-Risk
CUST_0138,4,10,673.89,2,Growth Potential
CUST_0139,125,3,185.09,1,Low-Value / Dormant
CUST_0140,4,10,994.46,2,Growth Potential
CUST_0141,12,7,435.85,2,Growth Potential
CUST_0142,16,4,232.62,0,At-Risk
CUST_0143,92,8,615.9499999999999,2,Growth Potential
CUST_0144,31,3,322.69,0,At-Risk
CUST_0145,5,6,534.16,2,Growth Potential
CUST_0146,19,6,273.96999999999997,0,At-Risk
CUST_0147,145,5,326.02,1,Low-Value / Dormant
CUST_0148,15,7,558.12,2,Growth Potential
CUST_0149,125,3,144.66,1,Low-Value / Dormant
CUST_0150,26,5,492.75,0,At-Risk
CUST_0151,119,5,268.27,0,At-Risk
CUST_0152,36,5,454.83,0,At-Risk
CUST_0153,40,8,777.08,2,Growth Potential
CUST_0154,21,4,300.44,0,At-Risk
CUST_0155,43,6,334.75,0,At-Risk
CUST_0156,53,7,949.77,3,High-Value Loyal
CUST_0157,20,5,453.14,0,At-Risk
CUST_0158,192,2,64.07,1,Low-Value / Dormant
CUST_0159,140,3,143.48,1,Low-Value / Dormant
CUST_0160,17,1,129.98,0,At-Risk
CUST_0161,45,3,163.44,0,At-Risk
CUST_0162,245,1,58.09,1,Low-Value / Dormant
CUST_0163,219,2,105.19,1,Low-Value / Dormant
CUST_0164,88,5,746.03,2,Growth Potential
CUST_0165,49,5,315.38,0,At-Risk
CUST_0166,3,9,431.93,2,Growth Potential
CUST_0167,63,5,950.45,3,High-Value Loyal
CUST_0168,88,4,452.22,0,At-Risk
CUST_0169,85,5,270.19,0,At-Risk
CUST_0170,44,8,568.75,2,Growth Potential
CUST_0171,18,8,654.53,2,Growth Potential
CUST_0172,94,6,317.72,0,At-Risk
CUST_0173,363,1,17.47,1,Low-Value / Dormant
CUST_0174,163,3,382.08,1,Low-Value / Dormant
CUST_0175,86,2,294.55,0,At-Risk
CUST_0176,138,3,228.7,1,Low-Value / Dormant
CUST_0177,70,3,203.69,0,At-Risk
CUST_0178,59,8,640.2,2,Growth Potential
CUST_0179,55,4,678.51,0,At-Risk
CUST_0180,10,4,140.42000000000002,0,At-Risk
CUST_0181,61,7,771.47,2,Growth Potential
CUST_0182,131,6,275.93,0,At-Risk
CUST_0183,44,8,723.54,2,Growth Potential
CUST_0184,61,5,608.03,0,At-Risk
CUST_0185,14,6,433.1,2,Growth Potential
CUST_0186,20,2,59.46,0,At-Risk
CUST_0187,37,5,940.03,3,High-Value Loyal
CUST_0188,30,5,867.23,2,Growth Potential
CUST_0189,15,5,1291.45,3,High-Value Loyal
CUST_0190,24,10,608.96,2,Growth Potential
CUST_0191,154,3,635.48,1,Low-Value / Dormant
CUST_0192,75,4,495.52,0,At-Risk
CUST_0193,126,3,178.01999999999998,1,Low-Value / Dormant
CUST_0194,4,4,264.53999999999996,0,At-Risk
CUST_0195,57,4,210.58999999999997,0,At-Risk
CUST_0196,83,8,1786.3400000000001,3,High-Value Loyal
CUST_0197,90,6,263.38,0,At-Risk
CUST_0198,12,7,720.13,2,Growth Potential
CUST_0199,4,6,444.45,2,Growth Potential
CUST_0200,67,4,249.89,0,At-Risk
CUST_0201,30,5,306.84,0,At-Risk
CUST_0202,223,3,301.24,1,Low-Value / Dormant
CUST_0203,47,7,313.96,2,Growth Potential
CUST_0204,29,5,361.07,0,At-Risk
CUST_0205,21,2,389.74,0,At-Risk
CUST_0206,47,4,272.39,0,At-Risk
CUST_0207,13,4,197.96,0,At-Risk
CUST_0208,107,5,313.52,0,At-Risk
CUST_0209,155,2,119.61,1,Low-Value / Dormant
CUST_0210,167,4,887.64,1,Low-Value / Dormant
CUST_0211,11,7,480.34000000000003,2,Growth Potential
CUST_0212,61,5,249.99,0,At-Risk
CUST_0213,7,10,598.91,2,Growth Potential
CUST_0214,48,10,513.02,2,Growth Potential
CUST_0215,321,2,163.41000000000003,1,Low-Value / Dormant
CUST_0216,135,4,606.01,0,At-Risk
CUST_0217,197,3,171.64999999999998,1,Low-Value / Dormant
CUST_0218,55,4,229.99,0,At-Risk
CUST_0219,34,5,287.75,0,At-Risk
CUST_0220,144,8,468.28000000000003,2,Growth Potential
CUST_0221,124,3,272.85,1,Low-Value / Dormant
CUST_0222,72,3,272.19,0,At-Risk
CUST_0223,365,1,56.22,1,Low-Value / Dormant
CUST_0224,29,3,126.25,0,At-Risk
CUST_0225,12,7,240.45999999999998,2,Growth Potential
CUST_0226,50,4,360.83,0,At-Risk
CUST_0227,46,4,336.9,0,At-Risk
CUST_0228,35,7,633.8,2,Growth Potential
CUST_0229,24,5,397.89,0,At-Risk
CUST_0230,114,6,575.68,2,Growth Potential
CUST_0231,150,2,206.72,1,Low-Value / Dormant
CUST_0232,236,3,162.85,1,Low-Value / Dormant
CUST_0233,60,6,458.42,2,Growth Potential
CUST_0234,121,6,351.99,0,At-Risk
CUST_0235,58,3,271.90000000000003,0,At-Risk
CUST_0236,12,2,205.91,0,At-Risk
CUST_0237,15,6,827.13,2,Growth Potential
CUST_0238,180,1,78.88,1,Low-Value / Dormant
CUST_0239,10,4,204.43,0,At-Risk
CUST_0240,25,5,267.04999999999995,0,At-Risk
CUST_0241,53,5,384.93,0,At-Risk
CUST_0242,29,1,240.28,0,At-Risk
CUST_0243,18,7,482.72,2,Growth Potential
CUST_0244,42,3,228.69,0,At-Risk
CUST_0245,32,5,569.93,0,At-Risk
CUST_0246,122,4,292.34999999999997,0,At-Risk
CUST_0247,27,5,366.59000000000003,0,At-Risk
CUST_0248,33,6,415.06,2,Growth Potential
CUST_0249,1,5,278.33,0,At-Risk
CUST_0250,116,4,488.11,0,At-Risk
CUST_0251,81,1,78.45,0,At-Risk
CUST_0252,5,5,808.55,2,Growth Potential
CUST_0253,32,5,337.27,0,At-Risk
CUST_0254,31,4,298.29999999999995,0,At-Risk
CUST_0255,169,3,197.8,1,Low-Value / Dormant
CUST_0256,293,2,100.13,1,Low-Value / Dormant
CUST_0257,15,5,416.54,0,At-Risk
CUST_0258,8,4,257.09000000000003,0,At-Risk
CUST_0259,23,5,350.94,0,At-Risk
CUST_0260,69,4,229.82,0,At-Risk
CUST_0261,56,8,1358.1,3,High-Value Loyal
CUST_0262,57,6,361.03,0,At-Risk
CUST_0263,4,4,971.71,3,High-Value Loyal
CUST_0264,26,6,475.54,2,Growth Potential
CUST_0265,99,4,312.58,0,At-Risk
CUST_0266,77,5,237.41,0,At-Risk
CUST_0267,68,6,333.76,0,At-Risk
CUST_0268,18,9,536.71,2,Growth Potential
CUST_0269,104,4,239.99,0,At-Risk
CUST_0270,111,3,210.75,0,At-Risk
CUST_0271,70,3,291.15,0,At-Risk
CUST_0272,16,7,1672.8899999999999,3,High-Value Loyal
CUST_0273,205,3,133.29999999999998,1,Low-Value / Dormant
CUST_0274,80,4,393.25,0,At-Risk
CUST_0275,37,5,219.01999999999998,0,At-Risk
CUST_0276,221,4,142.67000000000002,1,Low-Value / Dormant
CUST_0277,5,4,251.77,0,At-Risk
CUST_0278,78,4,696.3000000000001,0,At-Risk
CUST_0279,31,7,691.15,2,Growth Potential
CUST_0280,4,9,1217.8899999999999,3,High-Value Loyal
CUST_0281,66,4,282.46,0,At-Risk
CUST_0282,9,7,553.81,2,Growth Potential
CUST_0283,20,8,466.15999999999997,2,Growth Potential
CUST_0284,36,5,1261.42,3,High-Value Loyal
CUST_0285,47,5,292.98,0,At-Risk
CUST_0286,125,4,186.41,0,At-Risk
CUST_0287,94,3,112.75,0,At-Risk
CUST_0288,35,9,821.61,2,Growth Potential
CUST_0289,17,5,327.22,0,At-Risk
CUST_0290,17,5,319.04,0,At-Risk
CUST_0291,132,3,181.39999999999998,1,Low-Value / Dormant
CUST_0292,194,3,486.78999999999996,1,Low-Value / Dormant
CUST_0293,74,6,583.0799999999999,2,Growth Potential
CUST_0294,81,5,522.25,0,At-Risk
CUST_0295,37,3,301.92,0,At-Risk
CUST_0296,254,3,303.78999999999996,1,Low-Value / Dormant
CUST_0297,159,3,250.85,1,Low-Value / Dormant
CUST_0298,162,6,993.75,3,High-Value Loyal
CUST_0299,44,4,255.16,0,At-Risk
CUST_0300,93,4,217.18,0,At-Risk
CUST_0301,15,6,245.85,0,At-Risk
CUST_0302,58,4,189.89,0,At-Risk
CUST_0303,36,5,410.30999999999995,0,At-Risk
CUST_0304,6,5,835.13,2,Growth Potential
CUST_0305,226,4,183.13,1,Low-Value / Dormant
CUST_0306,110,2,314.22,0,At-Risk
CUST_0307,170,3,365.65,1,Low-Value / Dormant
CUST_0308,18,5,327.67,0,At-Risk
CUST_0309,63,5,209.7,0,At-Risk
CUST_0310,2,9,405.09000000000003,2,Growth Potential
CUST_0311,52,5,365.17999999999995,0,At-Risk
CUST_0312,91,4,358.14,0,At-Risk
CUST_0313,1,4,333.93,0,At-Risk
CUST_0314,163,5,329.19,1,Low-Value / Dormant
CUST_0315,149,3,301.40999999999997,1,Low-Value / Dormant
CUST_0316,26,7,426.04999999999995,2,Growth Potential
CUST_0317,153,5,301.89,1,Low-Value / Dormant
CUST_0318,34,8,384.74,2,Growth Potential
CUST_0319,65,2,157.29,0,At-Risk
CUST_0320,190,3,146.84,1,Low-Value / Dormant
CUST_0321,79,10,481.44,2,Growth Potential
CUST_0322,63,5,961.6800000000001,3,High-Value Loyal
CUST_0323,95,5,606.0,0,At-Risk
CUST_0324,96,4,359.33,0,At-Risk
CUST_0325,11,5,417.12,0,At-Risk
CUST_0326,42,2,103.51,0,At-Risk
CUST_0327,4,6,489.37,2,Growth Potential
CUST_0328,58,5,231.64999999999998,0,At-Risk
CUST_0329,118,4,547.95,0,At-Risk
CUST_0330,120,3,439.68,0,At-Risk
CUST_0331,40,6,782.6899999999999,2,Growth Potential
CUST_0332,42,6,869.72,2,Growth Potential
CUST_0333,74,4,675.59,0,At-Risk
CUST_0334,51,6,537.01,2,Growth Potential
CUST_0335,174,6,528.0699999999999,1,Low-Value / Dormant
CUST_0336,50,6,431.76,2,Growth Potential
CUST_0337,100,1,46.33,1,Low-Value / Dormant
CUST_0338,1,6,1209.1,3,High-Value Loyal
CUST_0339,98,4,495.73,0,At-Risk
CUST_0340,16,9,527.8100000000001,2,Growth Potential
CUST_0341,51,10,848.86,2,Growth Potential
CUST_0342,29,7,1035.8799999999999,3,High-Value Loyal
CUST_0343,3,7,267.74,2,Growth Potential
CUST_0344,1,10,469.58000000000004,2,Growth Potential
CUST_0345,3,6,189.04999999999998,0,At-Risk
CUST_0346,69,3,134.25,0,At-Risk
CUST_0347,133,5,466.47,0,At-Risk
CUST_0348,125,6,342.51,0,At-Risk
CUST_0349,89,5,312.45,0,At-Risk
CUST_0350,121,6,220.97,0,At-Risk
CUST_0351,83,3,407.79,0,At-Risk
CUST_0352,9,6,514.51,2,Growth Potential
CUST_0353,129,3,105.12,1,Low-Value / Dormant
CUST_0354,46,8,683.39,2,Growth Potential
CUST_0355,134,5,447.86,0,At-Risk
CUST_0356,42,5,614.61,0,At-Risk
CUST_0357,6,7,547.59,2,Growth Potential
CUST_0358,77,4,208.29,0,At-Risk
CUST_0359,263,3,175.8,1,Low-Value / Dormant
CUST_0360,62,1,45.48,0,At-Risk
CUST_0361,11,4,785.42,0,At-Risk
CUST_0362,106,2,81.66999999999999,0,At-Risk
CUST_0363,244,3,224.65,1,Low-Value / Dormant
CUST_0364,68,3,455.73,0,At-Risk
CUST_0365,165,2,212.09,1,Low-Value / Dormant
CUST_0366,12,4,423.06,0,At-Risk
CUST_0367,332,1,50.14,1,Low-Value / Dormant
CUST_0368,321,2,243.67,1,Low-Value / Dormant
CUST_0369,1,6,494.67,2,Growth Potential
CUST_0370,21,5,400.15,0,At-Risk
CUST_0371,62,6,358.59000000000003,0,At-Risk
CUST_0372,44,3,250.84,0,At-Risk
CUST_0373,84,3,270.76,0,At-Risk
CUST_0374,24,5,513.75,0,At-Risk
CUST_0375,59,5,226.29,0,At-Risk
CUST_0376,71,4,354.52,0,At-Risk
CUST_0377,15,4,528.88,0,At-Risk
CUST_0378,176,4,249.46,1,Low-Value / Dormant
CUST_0379,248,1,56.24,1,Low-Value / Dormant
CUST_0380,87,5,529.42,0,At-Risk
CUST_0381,92,5,297.12,0,At-Risk
CUST_0382,232,3,733.8,1,Low-Value / Dormant
CUST_0383,48,7,783.6,2,Growth Potential
CUST_0384,69,6,614.15,2,Growth Potential
CUST_0385,60,10,496.45,2,Growth Potential
CUST_0386,120,4,440.47,0,At-Risk
CUST_0387,33,5,349.54,0,At-Risk
CUST_0388,18,6,419.29,2,Growth Potential
CUST_0389,71,8,1032.12,3,High-Value Loyal
CUST_0390,28,7,1092.17,3,High-Value Loyal
CUST_0391,69,3,363.78999999999996,0,At-Risk
CUST_0392,68,5,337.08,0,At-Risk
CUST_0393,77,5,478.07,0,At-Risk
CUST_0394,18,4,256.75,0,At-Risk
CUST_0395,4,9,542.36,2,Growth Potential
CUST_0396,48,8,453.74,2,Growth Potential
CUST_0397,142,3,320.97,1,Low-Value / Dormant
CUST_0398,151,5,193.07,1,Low-Value / Dormant
CUST_0399,8,7,620.96,2,Growth Potential
CUST_0400,14,9,1332.16,3,High-Value Loyal
CUST_0401,6,6,476.0,2,Growth Potential
CUST_0402,13,8,622.45,2,Growth Potential
CUST_0403,12,9,989.9,2,Growth Potential
CUST_0404,114,3,643.0699999999999,0,At-Risk
CUST_0405,32,3,508.03000000000003,0,At-Risk
CUST_0406,47,4,300.55,0,At-Risk
CUST_0407,157,3,189.94,1,Low-Value / Dormant
CUST_0408,169,4,290.02,1,Low-Value / Dormant
CUST_0409,100,4,223.59,0,At-Risk
CUST_0410,4,6,615.28,2,Growth Potential
CUST_0411,11,10,861.66,2,Growth Potential
CUST_0412,84,7,470.11,2,Growth Potential
CUST_0413,27,6,250.57999999999998,0,At-Risk
CUST_0414,7,10,640.79,2,Growth Potential
CUST_0415,20,6,1339.8400000000001,3,High-Value Loyal
CUST_0416,26,2,225.29,0,At-Risk
CUST_0417,66,7,852.61,2,Growth Potential
CUST_0418,17,7,957.79,2,Growth Potential
CUST_0419,14,3,193.39999999999998,0,At-Risk
CUST_0420,7,8,553.66,2,Growth Potential
CUST_0421,22,3,207.47,0,At-Risk
CUST_0422,39,4,313.28999999999996,0,At-Risk
CUST_0423,38,6,390.58,2,Growth Potential
CUST_0424,4,7,405.2,2,Growth Potential
CUST_0425,137,3,101.19,1,Low-Value / Dormant
CUST_0426,16,8,422.97,2,Growth Potential
CUST_0427,8,4,310.17,0,At-Risk
CUST_0428,146,3,138.73000000000002,1,Low-Value / Dormant
CUST_0429,75,7,1123.3600000000001,3,High-Value Loyal
CUST_0430,314,2,117.42,1,Low-Value / Dormant
CUST_0431,35,9,649.35,2,Growth Potential
CUST_0432,26,9,399.5,2,Growth Potential
CUST_0433,121,7,2295.61,3,High-Value Loyal
CUST_0434,65,4,554.21,0,At-Risk
CUST_0435,99,6,1310.94,3,High-Value Loyal
CUST_0436,48,1,82.73,0,At-Risk
CUST_0437,29,4,353.33000000000004,0,At-Risk
CUST_0438,39,4,242.15,0,At-Risk
CUST_0439,5,5,519.97,0,At-Risk
CUST_0440,41,3,152.94,0,At-Risk
CUST_0441,39,4,568.54,0,At-Risk
CUST_0442,44,3,156.4,0,At-Risk
CUST_0443,5,5,576.86,0,At-Risk
CUST_0444,4,5,937.6199999999999,3,High-Value Loyal
CUST_0445,24,5,174.87,0,At-Risk
CUST_0446,19,5,574.28,0,At-Risk
CUST_0447,16,7,343.94,2,Growth Potential
CUST_0448,45,6,310.4,0,At-Risk
CUST_0449,202,3,267.4,1,Low-Value / Dormant
CUST_0450,24,5,267.02,0,At-Risk
CUST_0451,156,5,512.91,1,Low-Value / Dormant
CUST_0452,29,5,314.72,0,At-Risk
CUST_0453,41,6,407.82,2,Growth Potential
CUST_0454,254,1,100.48,1,Low-Value / Dormant
CUST_0455,13,6,443.99,2,Growth Potential
CUST_0456,151,3,368.4,1,Low-Value / Dormant
CUST_0457,3,4,472.65999999999997,0,At-Risk
CUST_0458,90,4,499.13,0,At-Risk
CUST_0459,52,6,527.72,2,Growth Potential
CUST_0460,86,5,317.67,0,At-Risk
CUST_0461,154,6,553.0699999999999,2,Growth Potential
CUST_0462,64,3,546.65,0,At-Risk
CUST_0463,1,6,1084.58,3,High-Value Loyal
CUST_0464,31,5,304.6,0,At-Risk
CUST_0465,28,7,310.56,2,Growth Potential
CUST_0466,21,11,750.04,2,Growth Potential
CUST_0467,13,8,969.62,2,Growth Potential
CUST_0468,15,11,985.03,2,Growth Potential
CUST_0469,2,8,524.96,2,Growth Potential
CUST_0470,39,2,49.83,0,At-Risk
CUST_0471,25,5,253.91,0,At-Risk
CUST_0472,69,3,286.17,0,At-Risk
CUST_0473,41,1,101.42,0,At-Risk
CUST_0474,126,6,334.99,0,At-Risk
CUST_0475,10,8,605.49,2,Growth Potential
CUST_0476,63,4,369.94,0,At-Risk
CUST_0477,1,3,186.42000000000002,0,At-Risk
CUST_0478,38,6,409.05,2,Growth Potential
CUST_0479,73,4,339.38,0,At-Risk
CUST_0480,174,4,278.88,1,Low-Value / Dormant
CUST_0481,21,4,211.21,0,At-Risk
CUST_0482,335,1,69.42,1,Low-Value / Dormant
CUST_0483,40,10,752.05,2,Growth Potential
CUST_0484,157,2,237.72,1,Low-Value / Dormant
CUST_0485,138,4,267.86,1,Low-Value / Dormant
CUST_0486,94,4,198.82,0,At-Risk
CUST_0487,81,6,351.66,0,At-Risk
CUST_0488,193,3,214.32999999999998,1,Low-Value / Dormant
CUST_0489,86,2,74.86,0,At-Risk
CUST_0490,7,3,107.71000000000001,0,At-Risk
CUST_0491,13,4,257.93,0,At-Risk
CUST_0492,1,9,2043.65,3,High-Value Loyal
CUST_0493,32,4,265.03,0,At-Risk
CUST_0494,81,4,661.29,0,At-Risk
CUST_0495,78,5,158.95,0,At-Risk
CUST_0496,5,10,773.84,2,Growth Potential
CUST_0497,172,1,37.34,1,Low-Value / Dormant
CUST_0498,48,8,452.06,2,Growth Potential
CUST_0499,38,5,770.71,2,Growth Potential
CUST_0500,51,4,303.42,0,At-Risk
CUST_0501,26,3,297.48,0,At-Risk
CUST_0502,157,3,660.63,1,Low-Value / Dormant
CUST_0503,4,10,530.51,2,Growth Potential
CUST_0504,6,5,503.74,0,At-Risk
CUST_0505,82,3,347.39,0,At-Risk
CUST_0506,45,7,739.23,2,Growth Potential
CUST_0507,41,5,309.05,0,At-Risk
CUST_0508,152,2,137.21,1,Low-Value / Dormant
CUST_0509,52,7,911.95,2,Growth Potential
CUST_0510,109,4,418.14,0,At-Risk
CUST_0511,19,7,464.26,2,Growth Potential
CUST_0512,30,9,1244.25,3,High-Value Loyal
CUST_0513,57,4,138.73,0,At-Risk
CUST_0514,30,2,106.33,0,At-Risk
CUST_0515,42,3,210.76,0,At-Risk
CUST_0516,69,2,87.28999999999999,0,At-Risk
CUST_0517,191,8,1324.16,3,High-Value Loyal
CUST_0518,224,1,116.07,1,Low-Value / Dormant
CUST_0519,15,8,547.47,2,Growth Potential
CUST_0520,114,3,172.03,0,At-Risk
CUST_0521,27,2,78.52000000000001,0,At-Risk
CUST_0522,12,8,646.89,2,Growth Potential
CUST_0523,104,6,897.13,3,High-Value Loyal
CUST_0524,16,7,555.3199999999999,2,Growth Potential
CUST_0525,122,8,630.6700000000001,2,Growth Potential
CUST_0526,40,10,1003.0799999999999,3,High-Value Loyal
CUST_0527,20,3,241.6,0,At-Risk
CUST_0528,7,5,584.29,0,At-Risk
CUST_0529,7,3,245.56,0,At-Risk
CUST_0530,176,2,302.26,1,Low-Value / Dormant
CUST_0531,69,5,406.81,0,At-Risk
CUST_0532,113,1,30.42,1,Low-Value / Dormant
CUST_0533,64,9,1128.1100000000001,3,High-Value Loyal
CUST_0534,74,3,177.21,0,At-Risk
CUST_0535,26,2,70.22999999999999,0,At-Risk
CUST_0536,26,4,332.52,0,At-Risk
CUST_0537,27,4,520.01,0,At-Risk
CUST_0538,216,5,312.05,1,Low-Value / Dormant
CUST_0539,166,6,572.93,1,Low-Value / Dormant
CUST_0540,31,7,489.11,2,Growth Potential
CUST_0541,7,4,182.79,0,At-Risk
CUST_0542,37,4,268.43,0,At-Risk
CUST_0543,205,2,185.17000000000002,1,Low-Value / Dormant
CUST_0544,245,2,203.03,1,Low-Value / Dormant
CUST_0545,11,5,368.87,0,At-Risk
CUST_0546,18,5,429.12,0,At-Risk
CUST_0547,79,2,116.31,0,At-Risk
CUST_0548,49,5,274.25,0,At-Risk
CUST_0549,7,4,241.61,0,At-Risk
CUST_0550,1,8,582.75,2,Growth Potential
CUST_0551,5,6,406.48,2,Growth Potential
CUST_0552,263,1,256.31,1,Low-Value / Dormant
CUST_0553,236,1,42.73,1,Low-Value / Dormant
CUST_0554,4,5,343.35,0,At-Risk
CUST_0555,56,7,341.74,2,Growth Potential
CUST_0556,163,5,192.86,1,Low-Value / Dormant
CUST_0557,108,4,412.78000000000003,0,At-Risk
CUST_0558,29,7,474.15,2,Growth Potential
CUST_0559,137,2,220.96999999999997,1,Low-Value / Dormant
CUST_0560,97,5,466.37,0,At-Risk
CUST_0561,57,6,470.88,2,Growth Potential
CUST_0562,48,5,1051.3600000000001,3,High-Value Loyal
CUST_0563,40,9,430.52,2,Growth Potential
CUST_0564,21,4,497.76,0,At-Risk
CUST_0565,105,5,501.52000000000004,0,At-Risk
CUST_0566,323,1,32.91,1,Low-Value / Dormant
CUST_0567,19,2,223.18,0,At-Risk
CUST_0568,148,5,326.14,1,Low-Value / Dormant
CUST_0569,67,3,220.51,0,At-Risk
CUST_0570,92,4,223.53,0,At-Risk
CUST_0571,86,3,149.32,0,At-Risk
CUST_0572,31,4,321.21,0,At-Risk
CUST_0573,216,3,101.09,1,Low-Value / Dormant
CUST_0574,29,4,346.43,0,At-Risk
CUST_0575,102,5,367.73,0,At-Risk
CUST_0576,285,4,167.72,1,Low-Value / Dormant
CUST_0577,93,2,101.26,0,At-Risk
CUST_0578,22,6,700.77,2,Growth Potential
CUST_0579,2,9,471.90999999999997,2,Growth Potential
CUST_0580,13,5,833.83,2,Growth Potential
CUST_0581,20,2,119.24,0,At-Risk
CUST_0582,26,2,122.36,0,At-Risk
CUST_0583,7,10,423.29999999999995,2,Growth Potential
CUST_0584,25,7,507.15999999999997,2,Growth Potential
CUST_0585,205,4,268.81,1,Low-Value / Dormant
CUST_0586,38,5,389.17,0,At-Risk
CUST_0587,74,6,342.6,0,At-Risk
CUST_0588,65,6,359.42,0,At-Risk
CUST_0589,14,3,182.81,0,At-Risk
CUST_0590,69,5,719.79,2,Growth Potential
CUST_0591,22,2,147.35,0,At-Risk
CUST_0592,239,1,28.39,1,Low-Value / Dormant
CUST_0593,27,5,812.0899999999999,2,Growth Potential
CUST_0594,118,7,617.37,2,Growth Potential
CUST_0595,35,6,481.32,2,Growth Potential
CUST_0596,31,5,327.9,0,At-Risk
CUST_0597,88,4,227.42000000000002,0,At-Risk
CUST_0598,40,5,1253.19,3,High-Value Loyal
CUST_0599,57,5,555.75,0,At-Risk
CUST_0600,185,4,323.66,1,Low-Value / Dormant
CUST_0601,74,8,437.89,2,Growth Potential
CUST_0602,8,9,444.67,2,Growth Potential
CUST_0603,30,7,422.98,2,Growth Potential
CUST_0604,289,1,71.83,1,Low-Value / Dormant
CUST_0605,41,10,773.54,2,Growth Potential
CUST_0606,53,5,310.32,0,At-Risk
CUST_0607,45,4,170.36,0,At-Risk
CUST_0608,7,7,1775.71,3,High-Value Loyal
CUST_0609,184,3,323.94,1,Low-Value / Dormant
CUST_0610,58,5,319.26,0,At-Risk
CUST_0611,15,4,301.07,0,At-Risk
CUST_0612,87,8,501.68,2,Growth Potential
CUST_0613,43,9,689.72,2,Growth Potential
CUST_0614,12,6,622.58,2,Growth Potential
CUST_0615,33,6,936.46,3,High-Value Loyal
CUST_0616,81,4,261.76,0,At-Risk
CUST_0617,54,12,710.26,2,Growth Potential
CUST_0618,12,7,531.24,2,Growth Potential
CUST_0619,66,2,113.58,0,At-Risk
CUST_0620,91,8,917.83,2,Growth Potential
CUST_0621,22,3,524.0,0,At-Risk
CUST_0622,224,1,77.87,1,Low-Value / Dormant
CUST_0623,3,6,708.27,2,Growth Potential
CUST_0624,3,9,529.14,2,Growth Potential
CUST_0625,28,4,410.23,0,At-Risk
CUST_0626,149,4,647.45,1,Low-Value / Dormant
CUST_0627,24,5,283.97,0,At-Risk
CUST_0628,3,6,446.9,2,Growth Potential
CUST_0629,144,10,1233.78,3,High-Value Loyal
CUST_0630,21,10,731.2,2,Growth Potential
CUST_0631,222,2,769.69,1,Low-Value / Dormant
CUST_0632,64,6,316.21000000000004,0,At-Risk
CUST_0633,43,5,386.61,0,At-Risk
CUST_0634,235,3,430.14,1,Low-Value / Dormant
CUST_0635,106,4,186.51,0,At-Risk
CUST_0636,9,6,853.19,2,Growth Potential
CUST_0637,281,1,78.35,1,Low-Value / Dormant
CUST_0638,29,4,225.58999999999997,0,At-Risk
CUST_0639,77,7,290.42,2,Growth Potential
CUST_0640,157,2,123.54,1,Low-Value / Dormant
CUST_0641,61,8,449.78,2,Growth Potential
CUST_0642,21,6,269.82,0,At-Risk
CUST_0643,145,5,393.82,1,Low-Value / Dormant
CUST_0644,118,4,285.69,0,At-Risk
CUST_0645,55,4,248.63,0,At-Risk
CUST_0646,66,9,1806.41,3,High-Value Loyal
CUST_0647,54,2,275.91,0,At-Risk
CUST_0648,74,7,888.53,2,Growth Potential
CUST_0649,6,4,167.04000000000002,0,At-Risk
CUST_0650,134,9,830.47,2,Growth Potential
CUST_0651,101,5,429.84,0,At-Risk
CUST_0652,20,8,955.58,2,Growth Potential
CUST_0653,36,4,243.73000000000002,0,At-Risk
CUST_0654,57,6,454.14,2,Growth Potential
CUST_0655,63,4,720.58,0,At-Risk
CUST_0656,87,3,106.13,0,At-Risk
CUST_0657,185,7,512.21,1,Low-Value / Dormant
CUST_0658,80,6,343.37,0,At-Risk
CUST_0659,1,14,631.65,2,Growth Potential
CUST_0660,54,7,1550.13,3,High-Value Loyal
CUST_0661,17,4,334.35,0,At-Risk
CUST_0662,41,6,573.09,2,Growth Potential
CUST_0663,58,5,469.51,0,At-Risk
CUST_0664,41,8,497.8,2,Growth Potential
CUST_0665,128,7,549.51,2,Growth Potential
CUST_0666,17,6,551.95,2,Growth Potential
CUST_0667,2,8,404.34000000000003,2,Growth Potential
CUST_0668,53,7,808.52,2,Growth Potential
CUST_0669,196,6,532.49,1,Low-Value / Dormant
CUST_0670,55,5,267.88,0,At-Risk
CUST_0671,110,5,266.73,0,At-Risk
CUST_0672,11,6,537.3,2,Growth Potential
CUST_0673,52,6,464.58,2,Growth Potential
CUST_0674,6,4,368.51,0,At-Risk
CUST_0675,4,5,345.15000000000003,0,At-Risk
CUST_0676,51,6,275.78999999999996,0,At-Risk
CUST_0677,44,2,74.92,0,At-Risk
CUST_0678,79,3,309.83,0,At-Risk
CUST_0679,11,6,1148.6799999999998,3,High-Value Loyal
CUST_0680,19,5,1011.81,3,High-Value Loyal
CUST_0681,86,3,266.34,0,At-Risk
CUST_0682,100,4,630.4300000000001,0,At-Risk
CUST_0683,123,2,162.69,1,Low-Value / Dormant
CUST_0684,48,3,192.31,0,At-Risk
CUST_0685,176,4,247.42000000000002,1,Low-Value / Dormant
CUST_0686,46,3,120.69,0,At-Risk
CUST_0687,56,10,1252.34,3,High-Value Loyal
CUST_0688,12,8,1553.1100000000001,3,High-Value Loyal
CUST_0689,163,3,159.87,1,Low-Value / Dormant
CUST_0690,20,6,370.91,2,Growth Potential
CUST_0691,60,4,215.27,0,At-Risk
CUST_0692,36,6,239.31,0,At-Risk
CUST_0693,1,7,695.87,2,Growth Potential
CUST_0694,39,6,557.3499999999999,2,Growth Potential
CUST_0695,32,8,1351.87,3,High-Value Loyal
CUST_0696,136,1,54.86,1,Low-Value / Dormant
CUST_0697,37,7,697.29,2,Growth Potential
CUST_0698,46,6,1190.02,3,High-Value Loyal
CUST_0699,16,3,234.29999999999998,0,At-Risk
CUST_0700,2,4,187.7,0,At-Risk
CUST_0701,137,7,607.74,2,Growth Potential
CUST_0702,34,6,345.13,0,At-Risk
CUST_0703,72,5,356.25,0,At-Risk
CUST_0704,59,5,432.95,0,At-Risk
CUST_0705,23,8,1025.55,3,High-Value Loyal
CUST_0706,80,5,360.63,0,At-Risk
CUST_0707,211,3,158.88,1,Low-Value / Dormant
CUST_0708,32,9,679.86,2,Growth Potential
CUST_0709,12,6,704.1,2,Growth Potential
CUST_0710,74,4,235.85000000000002,0,At-Risk
CUST_0711,56,8,696.6,2,Growth Potential
CUST_0712,48,3,573.6600000000001,0,At-Risk
CUST_0713,26,6,524.9,2,Growth Potential
CUST_0714,86,2,105.72,0,At-Risk
CUST_0715,9,10,1629.25,3,High-Value Loyal
CUST_0716,6,9,459.34,2,Growth Potential
CUST_0717,120,3,288.3,0,At-Risk
CUST_0718,154,6,415.99,1,Low-Value / Dormant
CUST_0719,256,2,114.54,1,Low-Value / Dormant
CUST_0720,128,5,232.87,0,At-Risk
CUST_0721,1,8,548.3,2,Growth Potential
CUST_0722,154,5,462.87,1,Low-Value / Dormant
CUST_0723,3,4,750.7900000000001,0,At-Risk
CUST_0724,238,3,422.39,1,Low-Value / Dormant
CUST_0725,19,5,558.52,0,At-Risk
CUST_0726,218,2,320.16999999999996,1,Low-Value / Dormant
CUST_0727,66,4,203.24,0,At-Risk
CUST_0728,7,3,294.25,0,At-Risk
CUST_0729,148,4,146.29,1,Low-Value / Dormant
CUST_0730,82,9,515.98,2,Growth Potential
CUST_0731,19,10,552.02,2,Growth Potential
CUST_0732,103,10,863.01,2,Growth Potential
CUST_0733,60,8,1153.3,3,High-Value Loyal
CUST_0734,116,4,948.04,3,High-Value Loyal
CUST_0735,134,1,116.96,1,Low-Value / Dormant
CUST_0736,111,4,762.56,0,At-Risk
CUST_0737,344,3,319.12,1,Low-Value / Dormant
CUST_0738,33,5,337.58,0,At-Risk
CUST_0739,147,3,181.87,1,Low-Value / Dormant
CUST_0740,82,10,1275.39,3,High-Value Loyal
CUST_0741,123,6,2090.8,3,High-Value Loyal
CUST_0742,56,2,464.58000000000004,0,At-Risk
CUST_0743,16,4,477.25,0,At-Risk
CUST_0744,6,7,943.64,2,Growth Potential
CUST_0745,8,6,379.36,2,Growth Potential
CUST_0746,175,2,134.82999999999998,1,Low-Value / Dormant
CUST_0747,3,4,291.03,0,At-Risk
CUST_0748,65,3,892.63,0,At-Risk
CUST_0749,13,9,677.89,2,Growth Potential
CUST_0750,34,5,573.11,0,At-Risk
CUST_0751,35,5,496.97999999999996,0,At-Risk
CUST_0752,101,3,137.3,0,At-Risk
CUST_0753,76,3,246.78,0,At-Risk
CUST_0754,151,4,577.21,1,Low-Value / Dormant
CUST_0755,50,5,473.15,0,At-Risk
CUST_0756,71,6,308.97,0,At-Risk
CUST_0757,204,1,145.81,1,Low-Value / Dormant
CUST_0758,142,3,104.78,1,Low-Value / Dormant
CUST_0759,127,6,430.35,0,At-Risk
CUST_0760,26,6,500.15000000000003,2,Growth Potential
CUST_0761,25,3,216.77,0,At-Risk
CUST_0762,245,4,378.41999999999996,1,Low-Value / Dormant
CUST_0763,52,5,217.15,0,At-Risk
CUST_0764,45,10,1746.21,3,High-Value Loyal
CUST_0765,115,7,362.13,2,Growth Potential
CUST_0766,4,2,219.29,0,At-Risk
CUST_0767,80,3,180.96,0,At-Risk
CUST_0768,23,8,779.47,2,Growth Potential
CUST_0769,76,6,378.44,0,At-Risk
CUST_0770,18,5,459.95,0,At-Risk
CUST_0771,130,3,978.8,3,High-Value Loyal
CUST_0772,152,4,222.91,1,Low-Value / Dormant
CUST_0773,24,6,613.86,2,Growth Potential
CUST_0774,11,2,149.27,0,At-Risk
CUST_0775,36,7,402.91,2,Growth Potential
CUST_0776,79,2,151.12,0,At-Risk
CUST_0777,161,3,296.05,1,Low-Value / Dormant
CUST_0778,1,3,228.29,0,At-Risk
CUST_0779,28,9,2166.88,3,High-Value Loyal
CUST_0780,3,6,482.4,2,Growth Potential
CUST_0781,59,6,673.6899999999999,2,Growth Potential
CUST_0782,101,5,280.09000000000003,0,At-Risk
CUST_0783,13,8,465.67,2,Growth Potential
CUST_0784,64,4,343.99,0,At-Risk
CUST_0785,47,8,387.49,2,Growth Potential
CUST_0786,107,3,140.53,0,At-Risk
CUST_0787,20,7,599.45,2,Growth Potential
CUST_0788,18,3,221.70999999999998,0,At-Risk
CUST_0789,150,7,1168.45,3,High-Value Loyal
CUST_0790,45,4,678.55,0,At-Risk
CUST_0791,9,8,464.75,2,Growth Potential
CUST_0792,64,6,284.33,0,At-Risk
CUST_0793,212,3,249.66000000000003,1,Low-Value / Dormant
CUST_0794,223,1,31.23,1,Low-Value / Dormant
CUST_0795,20,1,139.6,0,At-Risk
CUST_0796,65,7,1249.42,3,High-Value Loyal
CUST_0797,238,5,823.64,1,Low-Value / Dormant
CUST_0798,134,5,689.05,0,At-Risk
CUST_0799,80,7,447.89,2,Growth Potential
CUST_0800,102,4,669.81,0,At-Risk
CUST_0801,212,5,832.41,1,Low-Value / Dormant
CUST_0802,26,5,199.23000000000002,0,At-Risk
CUST_0803,173,4,215.97,1,Low-Value / Dormant
CUST_0804,102,6,353.05,0,At-Risk
CUST_0805,72,6,488.36,2,Growth Potential
CUST_0806,1,3,197.53,0,At-Risk
CUST_0807,232,6,337.31,1,Low-Value / Dormant
CUST_0808,4,10,873.56,2,Growth Potential
CUST_0809,12,8,601.94,2,Growth Potential
CUST_0810,46,8,456.29999999999995,2,Growth Potential
CUST_0811,25,4,382.03,0,At-Risk
CUST_0812,23,7,528.1800000000001,2,Growth Potential
CUST_0813,47,3,183.55,0,At-Risk
CUST_0814,59,7,626.8,2,Growth Potential
CUST_0815,45,9,788.19,2,Growth Potential
CUST_0816,159,3,254.43,1,Low-Value / Dormant
CUST_0817,28,4,463.63,0,At-Risk
CUST_0818,96,4,305.56,0,At-Risk
CUST_0819,62,7,614.89,2,Growth Potential
CUST_0820,129,3,156.20000000000002,1,Low-Value / Dormant
CUST_0821,2,5,300.7,0,At-Risk
CUST_0822,27,9,518.6,2,Growth Potential
CUST_0823,35,8,1649.94,3,High-Value Loyal
CUST_0824,59,9,582.64,2,Growth Potential
CUST_0825,62,8,557.62,2,Growth Potential
CUST_0826,49,4,328.03,0,At-Risk
CUST_0827,357,1,164.78,1,Low-Value / Dormant
CUST_0828,24,3,180.52,0,At-Risk
CUST_0829,102,5,487.19,0,At-Risk
CUST_0830,17,5,296.75,0,At-Risk
CUST_0831,2,4,691.12,0,At-Risk
CUST_0832,109,7,612.0799999999999,2,Growth Potential
CUST_0833,35,2,118.46,0,At-Risk
CUST_0834,41,4,388.02,0,At-Risk
CUST_0835,89,5,263.14,0,At-Risk
CUST_0836,227,4,174.87,1,Low-Value / Dormant
CUST_0837,136,2,142.38,1,Low-Value / Dormant
CUST_0838,32,8,2045.24,3,High-Value Loyal
CUST_0839,24,3,273.08000000000004,0,At-Risk
CUST_0840,97,2,88.03,0,At-Risk
CUST_0841,127,5,281.52,0,At-Risk
CUST_0842,54,6,353.55,0,At-Risk
CUST_0843,110,7,443.1,2,Growth Potential
CUST_0844,46,9,720.9200000000001,2,Growth Potential
CUST_0845,17,5,463.34000000000003,0,At-Risk
CUST_0846,77,9,429.56,2,Growth Potential
CUST_0847,7,6,531.2,2,Growth Potential
CUST_0848,178,1,78.51,1,Low-Value / Dormant
CUST_0849,22,6,941.87,3,High-Value Loyal
CUST_0850,60,3,155.79,0,At-Risk
CUST_0851,17,7,802.9,2,Growth Potential
CUST_0852,100,6,554.49,2,Growth Potential
CUST_0853,289,3,781.73,1,Low-Value / Dormant
CUST_0854,18,4,323.29999999999995,0,At-Risk
CUST_0855,199,4,229.24,1,Low-Value / Dormant
CUST_0856,62,3,171.44,0,At-Risk
CUST_0857,141,6,628.34,2,Growth Potential
CUST_0858,23,3,166.3,0,At-Risk
CUST_0859,35,10,846.66,2,Growth Potential
CUST_0860,25,5,473.04999999999995,0,At-Risk
CUST_0861,85,5,548.64,0,At-Risk
CUST_0862,98,10,724.51,2,Growth Potential
CUST_0863,230,3,171.63,1,Low-Value / Dormant
CUST_0864,81,8,811.1800000000001,2,Growth Potential
CUST_0865,9,10,561.87,2,Growth Potential
CUST_0866,22,4,156.45,0,At-Risk
CUST_0867,166,6,716.48,2,Growth Potential
CUST_0868,339,1,38.67,1,Low-Value / Dormant
CUST_0869,59,5,666.76,0,At-Risk
CUST_0870,101,7,557.43,2,Growth Potential
CUST_0871,4,10,703.51,2,Growth Potential
CUST_0872,29,4,285.71,0,At-Risk
CUST_0873,60,7,932.91,2,Growth Potential
CUST_0874,20,6,2022.1,3,High-Value Loyal
CUST_0875,38,6,584.44,2,Growth Potential
CUST_0876,217,3,267.08,1,Low-Value / Dormant
CUST_0877,27,7,567.4100000000001,2,Growth Potential
CUST_0878,21,5,281.73,0,At-Risk
CUST_0879,24,3,224.48999999999998,0,At-Risk
CUST_0880,18,7,285.94,2,Growth Potential
CUST_0881,231,4,586.81,1,Low-Value / Dormant
CUST_0882,26,5,243.94,0,At-Risk
CUST_0883,61,12,1896.54,3,High-Value Loyal
CUST_0884,70,2,844.6800000000001,0,At-Risk
CUST_0885,10,7,502.27000000000004,2,Growth Potential
CUST_0886,173,3,75.17999999999999,1,Low-Value / Dormant
CUST_0887,118,3,232.55,0,At-Risk
CUST_0888,35,6,328.3,0,At-Risk
CUST_0889,52,3,233.84,0,At-Risk
CUST_0890,79,4,330.57,0,At-Risk
CUST_0891,38,7,371.21,2,Growth Potential
CUST_0892,247,4,315.53,1,Low-Value / Dormant
CUST_0893,68,5,311.1,0,At-Risk
CUST_0894,81,6,343.14,0,At-Risk
CUST_0895,86,5,320.28999999999996,0,At-Risk
CUST_0896,117,5,230.11,0,At-Risk
CUST_0897,154,4,1388.46,3,High-Value Loyal
CUST_0898,23,6,344.51,0,At-Risk
CUST_0899,28,7,348.22,2,Growth Potential
CUST_0900,149,5,1026.3899999999999,3,High-Value Loyal
CUST_0901,109,2,119.58,1,Low-Value / Dormant
CUST_0902,71,4,253.44,0,At-Risk
CUST_0903,38,7,449.4,2,Growth Potential
CUST_0904,182,2,251.76,1,Low-Value / Dormant
CUST_0905,55,5,221.69,0,At-Risk
CUST_0906,44,4,279.58000000000004,0,At-Risk
CUST_0907,132,4,614.29,0,At-Risk
CUST_0908,6,5,469.45000000000005,0,At-Risk
CUST_0909,54,9,899.03,2,Growth Potential
CUST_0910,46,8,515.04,2,Growth Potential
CUST_0911,5,4,448.8,0,At-Risk
CUST_0912,35,4,273.94,0,At-Risk
CUST_0913,64,8,1397.82,3,High-Value Loyal
CUST_0914,34,6,1158.19,3,High-Value Loyal
CUST_0915,34,3,198.57999999999998,0,At-Risk
CUST_0916,50,3,223.98000000000002,0,At-Risk
CUST_0917,127,3,215.89,1,Low-Value / Dormant
CUST_0918,8,4,290.86,0,At-Risk
CUST_0919,2,5,448.13,0,At-Risk
CUST_0920,22,2,73.21000000000001,0,At-Risk
CUST_0921,88,4,131.3,0,At-Risk
CUST_0922,32,7,905.6800000000001,2,Growth Potential
CUST_0923,66,7,544.02,2,Growth Potential
CUST_0924,14,5,347.44,0,At-Risk
CUST_0925,26,5,282.05,0,At-Risk
CUST_0926,9,7,340.46,2,Growth Potential
CUST_0927,191,2,228.68,1,Low-Value / Dormant
CUST_0928,19,3,285.19,0,At-Risk
CUST_0929,29,7,1023.99,3,High-Value Loyal
CUST_0930,13,8,510.44,2,Growth Potential
CUST_0931,39,4,148.18,0,At-Risk
CUST_0932,28,10,767.7,2,Growth Potential
CUST_0933,16,5,264.12,0,At-Risk
CUST_0934,71,5,278.68,0,At-Risk
CUST_0935,39,4,277.88,0,At-Risk
CUST_0936,29,4,444.83,0,At-Risk
CUST_0937,132,6,322.73,0,At-Risk
CUST_0938,3,6,328.81,0,At-Risk
CUST_0939,52,7,963.0400000000001,3,High-Value Loyal
CUST_0940,89,5,573.48,0,At-Risk
CUST_0941,15,5,169.38,0,At-Risk
CUST_0942,10,8,381.85,2,Growth Potential
CUST_0943,1,6,300.55,0,At-Risk
CUST_0944,13,6,353.61,0,At-Risk
CUST_0945,49,6,279.59,0,At-Risk
CUST_0946,255,1,60.62,1,Low-Value / Dormant
CUST_0947,79,5,210.38,0,At-Risk
CUST_0948,12,4,536.9,0,At-Risk
CUST_0949,56,6,317.96,0,At-Risk
CUST_0950,24,5,262.73,0,At-Risk
CUST_0951,219,3,231.24,1,Low-Value / Dormant
CUST_0952,84,4,499.32000000000005,0,At-Risk
CUST_0953,175,5,861.85,1,Low-Value / Dormant
CUST_0954,145,5,1175.85,3,High-Value Loyal
CUST_0955,27,4,448.15,0,At-Risk
CUST_0956,41,4,493.88,0,At-Risk
CUST_0957,5,2,97.98,0,At-Risk
CUST_0958,1,5,273.15999999999997,0,At-Risk
CUST_0959,5,5,307.83000000000004,0,At-Risk
CUST_0960,32,6,1526.72,3,High-Value Loyal
CUST_0961,26,5,198.87,0,At-Risk
CUST_0962,17,6,1266.83,3,High-Value Loyal
CUST_0963,88,4,808.8399999999999,0,At-Risk
CUST_0964,16,3,371.95000000000005,0,At-Risk
CUST_0965,22,5,564.76,0,At-Risk
CUST_0966,35,6,296.47,0,At-Risk
CUST_0967,47,9,526.8199999999999,2,Growth Potential
CUST_0968,11,6,482.74,2,Growth Potential
CUST_0969,81,5,409.73,0,At-Risk
CUST_0970,83,4,197.53000000000003,0,At-Risk
CUST_0971,14,3,243.02999999999997,0,At-Risk
CUST_0972,43,4,302.07,0,At-Risk
CUST_0973,19,4,203.4,0,At-Risk
CUST_0974,90,4,362.51,0,At-Risk
CUST_0975,53,5,257.18,0,At-Risk
CUST_0976,30,5,665.18,0,At-Risk
CUST_0977,24,2,93.81,0,At-Risk
CUST_0978,21,6,783.36,2,Growth Potential
CUST_0979,58,7,787.29,2,Growth Potential
CUST_0980,10,9,1045.73,3,High-Value Loyal
CUST_0981,39,5,330.75,0,At-Risk
CUST_0982,111,5,212.12,0,At-Risk
CUST_0983,6,5,475.78,0,At-Risk
CUST_0984,77,6,345.59000000000003,0,At-Risk
CUST_0985,89,8,681.29,2,Growth Potential
CUST_0986,83,3,150.23000000000002,0,At-Risk
CUST_0987,84,2,274.17,0,At-Risk
CUST_0988,57,5,388.87,0,At-Risk
CUST_0989,3,8,1483.3,3,High-Value Loyal
CUST_0990,54,4,677.21,0,At-Risk
CUST_0991,36,5,221.65,0,At-Risk
CUST_0992,52,2,73.78999999999999,0,At-Risk
CUST_0993,121,4,165.25,0,At-Risk
CUST_0994,98,4,158.04000000000002,0,At-Risk
CUST_0995,42,4,194.04,0,At-Risk
CUST_0996,122,3,184.87,1,Low-Value / Dormant
CUST_0997,24,6,462.57,2,Growth Potential
CUST_0998,120,2,115.75999999999999,1,Low-Value / Dormant
CUST_0999,23,6,341.01,0,At-Risk
CUST_1000,322,1,56.1,1,Low-Value / Dormant
CUST_1001,16,5,235.95,0,At-Risk
CUST_1002,38,5,397.85,0,At-Risk
CUST_1003,121,3,169.87,1,Low-Value / Dormant
CUST_1004,24,7,520.39,2,Growth Potential
CUST_1005,88,5,410.38,0,At-Risk
CUST_1006,24,7,701.4300000000001,2,Growth Potential
CUST_1007,85,6,411.66,0,At-Risk
CUST_1008,101,3,320.65,0,At-Risk
CUST_1009,39,7,662.89,2,Growth Potential
CUST_1010,31,7,298.87,2,Growth Potential
CUST_1011,21,3,159.82,0,At-Risk
CUST_1012,46,3,595.84,0,At-Risk
CUST_1013,71,3,148.39,0,At-Risk
CUST_1014,80,6,522.65,2,Growth Potential
CUST_1015,17,8,644.48,2,Growth Potential
CUST_1016,17,5,597.51,0,At-Risk
CUST_1017,32,6,694.92,2,Growth Potential
CUST_1018,75,6,221.44,0,At-Risk
CUST_1019,3,10,573.51,2,Growth Potential
CUST_1020,217,1,179.79,1,Low-Value / Dormant
CUST_1021,284,2,325.0,1,Low-Value / Dormant
CUST_1022,30,5,519.67,0,At-Risk
CUST_1023,73,8,733.36,2,Growth Potential
CUST_1024,43,3,172.88,0,At-Risk
CUST_1025,68,5,648.2,0,At-Risk
CUST_1026,346,1,45.6,1,Low-Value / Dormant
CUST_1027,328,2,426.77,1,Low-Value / Dormant
CUST_1028,7,10,1707.09,3,High-Value Loyal
CUST_1029,68,5,147.97,0,At-Risk
CUST_1030,58,5,302.64,0,At-Risk
CUST_1031,347,2,101.50999999999999,1,Low-Value / Dormant
CUST_1032,11,1,117.44,0,At-Risk
CUST_1033,208,1,17.31,1,Low-Value / Dormant
CUST_1034,67,6,255.20999999999998,0,At-Risk
CUST_1035,8,3,245.89000000000001,0,At-Risk
CUST_1036,70,5,718.3,2,Growth Potential
CUST_1037,17,2,144.45999999999998,0,At-Risk
CUST_1038,243,4,708.81,1,Low-Value / Dormant
CUST_1039,24,3,325.07,0,At-Risk
CUST_1040,86,4,267.31,0,At-Risk
CUST_1041,6,6,653.48,2,Growth Potential
CUST_1042,22,4,216.19,0,At-Risk
CUST_1043,105,9,1025.24,3,High-Value Loyal
CUST_1044,42,7,519.49,2,Growth Potential
CUST_1045,53,5,363.96000000000004,0,At-Risk
CUST_1046,103,4,392.32,0,At-Risk
CUST_1047,18,4,238.14999999999998,0,At-Risk
CUST_1048,46,7,836.38,2,Growth Potential
CUST_1049,28,7,558.3,2,Growth Potential
CUST_1050,84,7,413.99,2,Growth Potential
CUST_1051,118,4,289.61,0,At-Risk
CUST_1052,119,1,57.89,1,Low-Value / Dormant
CUST_1053,87,4,153.5,0,At-Risk
CUST_1054,21,7,320.65,2,Growth Potential
CUST_1055,52,7,593.59,2,Growth Potential
CUST_1056,48,5,357.65000000000003,0,At-Risk
CUST_1057,24,9,864.39,2,Growth Potential
CUST_1058,46,4,950.16,3,High-Value Loyal
CUST_1059,38,8,532.39,2,Growth Potential
CUST_1060,16,5,311.87,0,At-Risk
CUST_1061,98,5,654.52,0,At-Risk
CUST_1062,121,3,146.16,1,Low-Value / Dormant
CUST_1063,27,11,1109.57,3,High-Value Loyal
CUST_1064,15,11,598.02,2,Growth Potential
CUST_1065,86,8,534.17,2,Growth Potential
CUST_1066,91,8,896.0,2,Growth Potential
CUST_1067,187,4,318.25,1,Low-Value / Dormant
CUST_1068,39,4,554.67,0,At-Risk
CUST_1069,77,4,765.74,0,At-Risk
CUST_1070,314,1,39.3,1,Low-Value / Dormant
CUST_1071,49,4,302.33,0,At-Risk
CUST_1072,333,1,144.6,1,Low-Value / Dormant
CUST_1073,4,3,677.98,0,At-Risk
CUST_1074,37,5,488.43,0,At-Risk
CUST_1075,45,4,278.25,0,At-Risk
CUST_1076,127,3,240.02,1,Low-Value / Dormant
CUST_1077,73,5,494.9,0,At-Risk
CUST_1078,110,5,350.92,0,At-Risk
CUST_1079,97,7,345.76,2,Growth Potential
CUST_1080,43,7,228.70999999999998,2,Growth Potential
CUST_1081,11,6,382.49,2,Growth Potential
CUST_1082,236,4,318.51,1,Low-Value / Dormant
CUST_1083,9,6,550.32,2,Growth Potential
CUST_1084,63,5,342.19,0,At-Risk
CUST_1085,60,3,326.75,0,At-Risk
CUST_1086,68,7,688.54,2,Growth Potential
CUST_1087,1,4,224.06,0,At-Risk
CUST_1088,35,8,750.98,2,Growth Potential
CUST_1089,1,12,1598.47,3,High-Value Loyal
CUST_1090,45,4,585.56,0,At-Risk
CUST_1091,10,5,512.96,0,At-Risk
CUST_1092,64,7,419.54,2,Growth Potential
CUST_1093,70,4,1108.84,3,High-Value Loyal
CUST_1094,29,5,894.26,2,Growth Potential
CUST_1095,78,9,898.06,2,Growth Potential
CUST_1096,105,2,539.36,0,At-Risk
CUST_1097,146,4,1019.3,3,High-Value Loyal
CUST_1098,23,8,501.51,2,Growth Potential
CUST_1099,63,1,42.98,0,At-Risk
CUST_1100,18,4,266.79,0,At-Risk
CUST_1101,76,9,711.74,2,Growth Potential
CUST_1102,199,3,147.16,1,Low-Value / Dormant
CUST_1103,254,4,485.63,1,Low-Value / Dormant
CUST_1104,28,4,237.01,0,At-Risk
CUST_1105,5,7,533.7,2,Growth Potential
CUST_1106,4,4,180.70999999999998,0,At-Risk
CUST_1107,65,4,287.16,0,At-Risk
CUST_1108,229,4,296.75,1,Low-Value / Dormant
CUST_1109,17,4,332.59999999999997,0,At-Risk
CUST_1110,60,6,491.21999999999997,2,Growth Potential
CUST_1111,50,6,1498.44,3,High-Value Loyal
CUST_1112,35,4,340.18,0,At-Risk
CUST_1113,61,6,270.35,0,At-Risk
CUST_1114,44,2,78.21000000000001,0,At-Risk
CUST_1115,52,6,187.15,0,At-Risk
CUST_1116,124,3,184.28,1,Low-Value / Dormant
CUST_1117,106,3,153.07999999999998,0,At-Risk
CUST_1118,50,5,345.83,0,At-Risk
CUST_1119,65,7,453.9,2,Growth Potential
CUST_1120,67,5,289.07,0,At-Risk
CUST_1121,29,8,1075.36,3,High-Value Loyal
CUST_1122,327,2,173.58999999999997,1,Low-Value / Dormant
CUST_1123,70,6,192.94,0,At-Risk
CUST_1124,79,3,532.16,0,At-Risk
CUST_1125,116,5,648.7,0,At-Risk
CUST_1126,139,3,1106.67,3,High-Value Loyal
CUST_1127,3,5,811.85,2,Growth Potential
CUST_1128,40,1,76.33,0,At-Risk
CUST_1129,25,5,322.8,0,At-Risk
CUST_1130,13,4,396.42,0,At-Risk
CUST_1131,67,7,217.06,2,Growth Potential
CUST_1132,28,3,137.01,0,At-Risk
CUST_1133,71,5,1535.93,3,High-Value Loyal
CUST_1134,32,2,162.18,0,At-Risk
CUST_1135,35,6,367.62,0,At-Risk
CUST_1136,6,5,244.89,0,At-Risk
CUST_1137,80,4,257.2,0,At-Risk
CUST_1138,221,3,209.26,1,Low-Value / Dormant
CUST_1139,4,3,214.73000000000002,0,At-Risk
CUST_1140,209,2,140.47,1,Low-Value / Dormant
CUST_1141,109,1,84.37,1,Low-Value / Dormant
CUST_1142,29,5,1017.46,3,High-Value Loyal
CUST_1143,36,6,622.39,2,Growth Potential
CUST_1144,167,2,183.03,1,Low-Value / Dormant
CUST_1145,42,5,600.9499999999999,0,At-Risk
CUST_1146,62,8,1625.48,3,High-Value Loyal
CUST_1147,46,5,664.28,0,At-Risk
CUST_1148,5,4,927.92,3,High-Value Loyal
CUST_1149,7,6,806.46,2,Growth Potential
CUST_1150,224,2,147.53,1,Low-Value / Dormant
CUST_1151,22,4,232.18,0,At-Risk
CUST_1152,73,3,296.37,0,At-Risk
CUST_1153,58,5,613.64,0,At-Risk
CUST_1154,238,2,239.4,1,Low-Value / Dormant
CUST_1155,11,4,828.68,0,At-Risk
CUST_1156,55,4,356.83,0,At-Risk
CUST_1157,129,6,307.52,0,At-Risk
CUST_1158,46,4,353.66999999999996,0,At-Risk
CUST_1159,34,9,550.9200000000001,2,Growth Potential
CUST_1160,29,5,337.32,0,At-Risk
CUST_1161,7,7,686.84,2,Growth Potential
CUST_1162,201,2,104.88,1,Low-Value / Dormant
CUST_1163,117,5,506.56999999999994,0,At-Risk
CUST_1164,24,3,181.79000000000002,0,At-Risk
CUST_1165,10,11,779.31,2,Growth Potential
CUST_1166,33,5,263.18,0,At-Risk
CUST_1167,93,6,373.78,0,At-Risk
CUST_1168,53,5,375.84999999999997,0,At-Risk
CUST_1169,19,5,439.08,0,At-Risk
CUST_1170,99,4,195.26,0,At-Risk
CUST_1171,87,3,408.04,0,At-Risk
CUST_1172,77,4,321.37,0,At-Risk
CUST_1173,5,3,204.13,0,At-Risk
CUST_1174,121,3,218.05,1,Low-Value / Dormant
CUST_1175,4,7,569.67,2,Growth Potential
CUST_1176,94,6,421.78999999999996,0,At-Risk
CUST_1177,10,7,940.75,2,Growth Potential
CUST_1178,200,3,142.79,1,Low-Value / Dormant
CUST_1179,174,2,92.66999999999999,1,Low-Value / Dormant
CUST_1180,5,6,488.63,2,Growth Potential
CUST_1181,33,2,191.82999999999998,0,At-Risk
CUST_1182,9,6,407.31,2,Growth Potential
CUST_1183,137,7,731.98,2,Growth Potential
CUST_1184,104,4,639.4,0,At-Risk
CUST_1185,51,3,142.72,0,At-Risk
CUST_1186,34,6,994.46,3,High-Value Loyal
CUST_1187,26,4,272.79,0,At-Risk
CUST_1188,4,8,630.86,2,Growth Potential
CUST_1189,83,5,1733.4,3,High-Value Loyal
CUST_1190,71,3,367.05,0,At-Risk
CUST_1191,47,8,438.15999999999997,2,Growth Potential
CUST_1192,32,3,202.4,0,At-Risk
CUST_1193,24,4,1379.06,3,High-Value Loyal
CUST_1194,74,5,192.52,0,At-Risk
CUST_1195,21,4,418.7,0,At-Risk
CUST_1196,179,2,197.87,1,Low-Value / Dormant
CUST_1197,25,8,653.7,2,Growth Potential
CUST_1198,110,7,546.26,2,Growth Potential
CUST_1199,201,4,370.92,1,Low-Value / Dormant
CUST_1200,114,4,372.5,0,At-Risk
